title,overview,rating,year,genres
Spider-Man: Brand New Day,Fighting crime full-time as Spider-Man in a world that doesn't remember him—and the pressure of seeing his old friends move on without him—sparks a change in Peter Parker he may not have the power to control. But that transformation might also be the only thing that can stop a shocking new threat to the city and those he loves - a powerful villain no one can even see.,7.8,2026,"Sci-Fi, Action, Adventure"
Coyote vs. Acme,"After Acme products fail him one too many times in his dogged pursuit of the Roadrunner, Wile E. Coyote decides to hire a billboard lawyer to sue the Acme Corporation.",7.5,2026,"Comedy, Adventure, Family"
The End of Oak Street,"After a mysterious cosmic event rips Oak Street from suburbia and transports their neighborhood to someplace unknown, the Platt family soon discovers that their very survival depends on them sticking together as they navigate their now unrecognizable surroundings.",6.9,2026,"Sci-Fi, Mystery, Thriller"
The Odyssey,"Odysseus, the legendary King of Ithaca, embarks on a long and perilous journey home following the Trojan War. Throughout his voyage, he is forced to confront the whims of gods, mythological monsters, and trials that stretch both his cunning and his humanity to the breaking point.",8.0,2026,"Adventure, Action, Fantasy"
Colony,"Professor Se-jeong is thrust into a bloody nightmare when a rapidly mutating virus is released during a biotech conference causing authorities to seal the facility. Trapped inside with no escape, Se-jeong along with a small group of survivors must fight to stay alive while the infected undergo horrific transformations.",8.1,2026,"Action, Horror, Sci-Fi"
The Mongoose,"A falsely accused war hero with nothing to lose leads police on an epic televised cross-country car chase, helped by members of his former Special Forces Army battalion and closely monitored by a fascinated public rooting for his safe getaway.",0.0,2026,"Action, Thriller"
Mutiny,"After witnessing his billionaire boss' murder and being framed for the crime, Cole Reed boards a cargo ship on a one-man crusade to avenge his boss' death only to discover an international conspiracy.",6.4,2026,"Action, Thriller"
Loves of a French Pussycat,"Rolf, a sex-advice columnist and a lecher, has affairs with numerous women, but never a permanent relationship. Suzanne, one of his ex-lovers, offers to bet that no woman can get Rolf to propose marriage, a bet her girlfriend Andrea eagerly accepts. But there's a catch: To win the bet, Andrea must get the womanizing Rolf to commit to marriage without first going to bed with him.",4.2,1972,Comedy
Moana,"Teenage Moana answers the Ocean's call and, for the first time, voyages beyond the reef of her island of Motunui with infamous demigod Maui on an unforgettable journey to restore prosperity to her people.",7.3,2026,"Family, Fantasy, Comedy, Adventure"
Resident Evil,"Medical courier Bryan unwittingly finds himself fighting for survival as one fateful, horrifying night collapses around him in chaos.",7.8,2026,"Horror, Sci-Fi, Adventure"
Drawn Together,"Marfil, daughter of a powerful Spanish businessman, sees her life in New York turned upside down when she is kidnapped and released without explanation. Her father hires Sebastian Moore as bodyguard and, forced to spend every minute together, an inevitable attraction ignites in a world where nothing is as it seems.",6.6,2026,"Romance, Thriller"
Cavegirl,"On a class excursion to a cave with stone age paintings the clumsy Rex gets lost. A mysterious crystal opens a gateway in time and sets him back to the stone ages, where he meets a group of prehistoric fellows and the gorgeous Eba. While teaching her English and doing some pseudo-research on her fellows, his main goal is to get her sleeping with him. However the curiosity of the clan chief disturbs his attempts.",3.9,1985,Comedy
Zip Wire,"When her ground-breaking pharmaceutical discovery is stolen and partner murdered, researcher Amy must face her fear of heights to escape nefarious attackers, with the only path to salvation being a treacherous aerial runway. To outsmart the mysterious hostiles, she has to summon every ounce of courage to protect the world-changing scientific discovery — and herself — before it's too late.",7.5,2026,"Action, Thriller"
Shape of My Heart,"A romance about a man and a woman who, due to an unexpected event, end up switching bodies. Despite coming from completely different backgrounds and environments, the two try to overcome the various difficulties that arise from their body swap.",5.7,2024,Romance
The Runner,"Maia Marten, a brilliant London lawyer, has her life shattered by a single call on her morning run: her son has been taken. To get him back, she must keep running, obey every ruthless command, and trust no one-each second a test of how far a mother will go to save her child.",6.8,2026,"Thriller, Action"
Vishwanath & Sons,A celebrated Olympian shooter travels to America looking for a donor to help his sick child — but unexpected romance complicates his search.,7.2,2026,"Drama, Romance, Comedy"
Ghost in the Cell,"In a notorious prison, an invisible force begins killing inmates brutally, compelling enemy gangs and corrupt guards to work together as they try to survive the mounting bloodshed.",7.2,2026,"Horror, Comedy, Thriller"
Mayday,"When a U.S. Navy pilot on a top-secret mission during the Cold War gets trapped behind enemy lines, his only chance at survival is to form an alliance with an eccentric ex-KGB agent.",8.0,2026,"Action, Comedy"
Toy Story 5,"When Bonnie receives a Lilypad tablet as a gift and becomes obsessed, Buzz, Woody, Jessie and the rest of the gang's jobs become exponentially harder when they have to go head to head with the all-new threat to playtime.",8.4,2026,"Animation, Family, Comedy, Adventure"
Obsession,"After breaking the mysterious ""One Wish Willow"" to win his crush's heart, a hopeless romantic finds himself getting exactly what he asked for but soon discovers that some desires come at a dark, sinister price.",8.2,2026,"Horror, Thriller"
Clash of the Thundermans,"When Chloe develops a destructive new superpower, the Hero League orders her to an elite boarding school for superheroes to learn control of her abilities. Faced with the prospect of sending Chloe away for years, the Thundermans split apart, with Phoebe, Barb and Billy taking her into hiding. Max, Hank, and Nora track their rogue family members, until the two factions face off against each other in a full-on battle for the Thundermans’ future.",6.9,2026,"TV Movie, Family, Action"
Pinocchio: Unstrung,"Influenced by a sinister Cricket and created by Geppetto, Pinocchio launches a violent crusade to carve himself into a real boy like his brother James, one piece at a time.",6.6,2026,"Horror, Fantasy, Mystery"
Minions & Monsters,"This is the rambunctious, ridiculous and totally true story of how the Minions conquered Hollywood, became movie stars, lost everything, unleashed monsters onto the world and then banded together to try and save the planet from the mayhem they had just created.",7.5,2026,"Adventure, Animation, Comedy, Family, Fantasy"
Rage of Stars,"A story about a woman from the International Special Forces Unit, who has a premonition about the impending end of humanity.",6.6,2026,"Action, Sci-Fi, Thriller"
Facing El Chapo,Two Mexican officers must survive the final hours of their shift after crossing a ruthless cartel boss.,8.8,2026,"Crime, Action, Thriller"
The Last Sunrise,"Ry, a college student with a chronic illness, escapes to Mallorca for the summer with her mother, where she unexpectedly falls for a local and begins to embrace living in the moment. But as her condition worsens and long-hidden family secrets come to light, everything she has found before summer's end is threatened.",6.8,2026,"Romance, Drama"
Hope,"In the remote South Korean village of Hope Harbor, police chief Bum-seok and officer Sung-ae are called to investigate a mysterious creature wreaking havoc on the community. But all is not as it seems, and perceptions can be misleading. What begins as ignorance plants the seed of disaster, escalating through human conflict into a tragedy of cosmic proportions.",7.4,2026,"Sci-Fi, Mystery, Action"
Deep Water,A group of international passengers on a flight from Los Angeles to Shanghai is forced to make an emergency landing in shark-infested waters. The terrified group is forced to work together and overcome their differences if they hope to escape their sinking plane and the frenzy of sharks drawn to the wreckage.,7.3,2026,"Horror, Thriller"
Project Hail Mary,"Science teacher Ryland Grace wakes up on a spaceship light years from home with no recollection of who he is or how he got there. As his memory returns, he begins to uncover his mission: solve the riddle of the mysterious substance causing the sun to die out. He must call on his scientific knowledge and unorthodox ideas to save everything on Earth from extinction.",8.6,2026,"Sci-Fi, Adventure"
Rosebush Pruning,"When an American heir living in a luxurious Spanish villa decides to move in with his girlfriend, his departure triggers a family collapse as his brother uncovers the truth behind their mother's tragic death.",6.2,2026,"Comedy, Drama, Thriller"
Blaze of Love,Hong Kong movie,0.0,1994,Unknown
War of the Worlds,"Will Radford is a top analyst for Homeland Security who tracks potential threats through a mass surveillance program, until one day an attack by an unknown entity leads him to question whether the government is hiding something from him... and from the rest of the world.",4.0,2025,"Sci-Fi, Thriller"
Disclosure Day,"A cybersecurity expert becomes a whistleblower after uncovering secrets about aliens, putting him on the run from a corporation. Meanwhile, a meteorologist experiencing strange phenomena joins forces with him to prove there's life beyond our understanding.",7.5,2026,"Sci-Fi, Thriller"
Avatar Aang: The Last Airbender,"Avatar Aang, the world's last Airbender, learns of an ancient power that could save his culture from extinction. With the help of his friends, he embarks on a global quest to find it before it falls into the wrong hands and threatens to upend the peace they sacrificed everything to achieve.",9.1,2026,"Animation, Adventure, Fantasy, Action"
Avengers: Endgame,"After the devastating events of Avengers: Infinity War, the universe is in ruins due to the efforts of the Mad Titan, Thanos. With the help of remaining allies, the Avengers must assemble once more in order to undo Thanos' actions and restore order to the universe once and for all, no matter what consequences may be in store.",8.2,2019,"Adventure, Sci-Fi, Action"
PAW Patrol: The Dino Movie,"The Paw Patrol lands on a mysterious dinosaur island after a storm, where they meet Rex, a stranded pup. When Humdinger's reckless mining triggers a volcano, the team faces their biggest rescue mission yet to save the island.",7.8,2026,"Animation, Adventure, Family, Fantasy, Comedy"
Desnudos,"A gentle artist contends with his cheating girlfriend, and an innocent girl longs to break free from an abusive relationship. When fate brings these two lovelorn people together, true love finally blossoms.",3.9,2004,"Drama, Romance"
Backrooms,A strange doorway appears in the basement of a furniture showroom.,7.0,2026,"Horror, Mystery, Sci-Fi"
Under Your Feet,"Isabel moves with her two children into a very prestigious building that has a very peculiar admission method but at a very affordable rental fee. Once approved and settled, three elderly neighbors from the lower floor will turn their lives upside down.",5.2,2026,Horror
Animals,"Four couples sail the thin line between desire and search for authenticity, in a world where truth is as fragile as their relationships.",6.3,2026,"Comedy, Thriller"
Batman: Knightfall Part 1: Knightfall,"Arkham Asylum has been destroyed, and all its inmates have been unleashed upon Gotham City. As Batman races to round up some of his greatest enemies, he is pushed to his physical and mental limits and into a final confrontation with a new threat: the man called Bane!",9.2,2026,"Animation, Action, Adventure, Sci-Fi"
The Terminator,"In the post-apocalyptic future, reigning tyrannical supercomputers teleport a cyborg assassin known as the ""Terminator"" back to 1984 to kill Sarah Connor, whose unborn son is destined to lead insurgents against 21st century mechanical hegemony. Meanwhile, the human-resistance movement dispatches a lone warrior to safeguard Sarah. Can he stop the virtually indestructible killing machine?",7.7,1984,"Action, Thriller, Sci-Fi"
The Whisper Man,"When his young son vanishes, a widower enlists help from his estranged father, a retired detective who put away the serial killer now linked to the case.",6.8,2026,"Crime, Drama, Thriller"
The Shadow's Edge,Macau Police brings the tracking expert police officer out of retirement to help catch a dangerous group of professional thieves.,8.3,2025,"Action, Crime, Drama, Thriller"
Practical Magic,"Sally and Gillian Owens, born into a magical family, have mostly avoided witchcraft themselves. But when Gillian's vicious boyfriend, Jimmy Angelov, dies unexpectedly, the Owens sisters give themselves a crash course in hard magic. With policeman Gary Hallet growing suspicious, the girls struggle to resurrect Angelov -- and unwittingly inject his corpse with an evil spirit that threatens to end their family line.",6.8,1998,"Romance, Fantasy, Comedy"
The Shawshank Redemption,"Imprisoned in the 1940s for the double murder of his wife and her lover, upstanding banker Andy Dufresne begins a new life at the Shawshank prison, where he puts his accounting skills to work for an amoral warden. During his long stretch in prison, Dufresne comes to be admired by the other inmates -- including an older prisoner named Red -- for his integrity and unquenchable sense of hope.",8.7,1994,"Drama, Crime"
Avatar,"In the 22nd century, a paraplegic Marine is dispatched to the moon Pandora on a unique mission, but becomes torn between following orders and protecting an alien civilization.",7.6,2009,"Sci-Fi, Action, Adventure"
Supergirl,"When an unexpected and ruthless adversary strikes too close to home, Kara Zor-El, aka Supergirl, reluctantly joins forces with an unlikely companion on an epic, interstellar journey of vengeance and justice.",6.7,2026,"Action, Adventure, Sci-Fi"
Mad Max: Fury Road,"An apocalyptic story set in the furthest reaches of our planet, in a stark desert landscape where humanity is broken, and most everyone is crazed fighting for the necessities of life. Within this world exist two rebels on the run who just might be able to restore order.",7.6,2015,"Action, Adventure, Sci-Fi"
Practical Magic 2,The Owens sisters must confront the dark curse that threatens to unravel their family once and for all.,6.1,2026,"Romance, Fantasy, Comedy"
Above & Below,A group of friends set off for an unforgettable vacation. What begins as an adventure of partying and diving quickly turns into a nightmare when they are attacked by criminals in open waters.,6.4,2026,"Thriller, Crime"
Hot Spot,"Set in a near future society ruled by sentient A.I., a private eye investigates a murder case only to discover a rebel group capable of undermining the digital overlord. As the detective's identity slowly unravels, his world enters a state of hypnotic meltdown.",4.7,2026,"Sci-Fi, Action, Crime, Fantasy, Thriller"
丫丫,,0.0,1979,Unknown
The Last Kiss,"Laurel always imagined her first kiss would be a fairy tale. Instead, that fantasy turns frightening when she's cursed with an ability to see the death of anyone she kisses. After a vision reveals her crush is doomed to die in a strange murder spree targeting her closest friends, she races to unmask the killer before the mystery becomes a massacre.",6.6,2026,"Horror, Mystery, Thriller"
Avengers: Infinity War,"As the Avengers and their allies have continued to protect the world from threats too large for any one hero to handle, a new danger has emerged from the cosmic shadows: Thanos. A despot of intergalactic infamy, his goal is to collect all six Infinity Stones, artifacts of unimaginable power, and use them to inflict his twisted will on all of reality. Everything the Avengers have fought for has led up to this moment - the fate of Earth and existence itself has never been more uncertain.",8.2,2018,"Adventure, Action, Sci-Fi"
The Mandalorian and Grogu,"The evil Empire has fallen, and Imperial warlords remain scattered throughout the galaxy. As the fledgling New Republic works to protect everything the Rebellion fought for, they have enlisted the help of legendary Mandalorian bounty hunter Din Djarin and his young apprentice Grogu.",7.5,2026,"Action, Adventure, Sci-Fi"
Demon Slayer: Kimetsu no Yaiba Infinity Castle,"The Demon Slayer Corps are drawn into the Infinity Castle, where Tanjiro, Nezuko, and the Hashira face terrifying Upper Rank demons in a desperate fight as the final battle against Muzan Kibutsuji begins.",8.8,2025,"Animation, Action, Fantasy"
Avatar: Fire and Ash,"In the wake of the devastating war against the RDA and the loss of their eldest son, Jake Sully and Neytiri face a new threat on Pandora: the Ash People, a violent and power-hungry Na'vi tribe led by the ruthless Varang. Jake's family must fight for their survival and the future of Pandora in a conflict that pushes them to their emotional and physical limits.",7.6,2025,"Sci-Fi, Adventure, Fantasy"
Spider-Man: No Way Home,"Peter Parker is unmasked and no longer able to separate his normal life from the high-stakes of being a super-hero. When he asks for help from Doctor Strange the stakes become even more dangerous, forcing him to discover what it truly means to be Spider-Man.",7.9,2021,"Action, Adventure, Sci-Fi"
The Sheep Detectives,"George Hardy is a shepherd who reads detective novels to his beloved sheep every night, assuming they can't possibly understand. But when a mysterious incident disrupts life on the farm, the sheep realize they must become the detectives. As they follow the clues and investigate human suspects, they prove that even sheep can be brilliant crime-solvers.",7.9,2026,"Comedy, Family, Mystery"
Zootopia 2,"After cracking the biggest case in Zootopia's history, rookie cops Judy Hopps and Nick Wilde find themselves on the twisting trail of a great mystery when Gary De'Snake arrives and turns the animal metropolis upside down. To crack the case, Judy and Nick must go undercover to unexpected new parts of town, where their growing partnership is tested like never before.",7.7,2025,"Animation, Adventure, Comedy, Mystery, Family"
Fall 2: Deadpoint,"On a perilous climb across Thailand's Mount Kwan, two climbers become trapped thousands of feet above the ground, where vertigo-inducing heights, sheer exposure, and impossible odds turn every moment into a fight for survival.",6.8,2026,Thriller
Interstellar,The adventures of a group of explorers who make use of a newly discovered wormhole to surpass the limitations on human space travel and conquer the vast distances involved in an interstellar voyage.,8.5,2014,"Adventure, Drama, Sci-Fi"
The Avengers,"When an unexpected enemy emerges and threatens global safety and security, Nick Fury, director of the international peacekeeping agency known as S.H.I.E.L.D., finds himself in need of a team to pull the world back from the brink of disaster. Spanning the globe, a daring recruitment effort begins!",8.1,2012,"Sci-Fi, Action, Adventure"
Sultana,"Sultana is a drama set in Istanbul's one and only strip club, telling a story of a women, power, rivalry and solidarity. A new Turkish story where women are not victims in a fairy tale, but warriors learning that the 'handsome prince' is often the real monster- and their only salvation is each other. Meral the long reigning queen of the one and only strip club of Istanbul which is Sultana, takes a talented new Belarusian dancer named Anna under her wing. But she soon realizes she has created a rival powerful enough to replace her, and a ruthless power struggle erupts between the two women.",5.5,2026,"Drama, Music"
Runner,"A former soldier is thrown into a brutal race against time when a critical medical delivery makes him and his unlikely partner the targets of a ruthless cartel. As the mission spirals into a deadly manhunt, every detour, delay, and bullet pushes them closer to failure. With betrayal closing in from every side, they must survive the chase and deliver their cargo to save the life of a little girl.",7.8,2026,"Action, Comedy, Thriller"
The Dark Knight Rises,"Following the death of District Attorney Harvey Dent, Batman assumes responsibility for Dent's crimes to protect the late attorney's reputation and is subsequently hunted by the Gotham City Police Department. Eight years later, Batman encounters the mysterious Selina Kyle and the villainous Bane, a new terrorist leader who overwhelms Gotham's finest. The Dark Knight resurfaces to protect a city that has branded him an enemy.",7.8,2012,"Action, Crime, Drama, Thriller"
The Godfather,"Spanning the years 1945 to 1955, a chronicle of the fictional Italian-American Corleone crime family. When organized crime family patriarch, Vito Corleone barely survives an attempt on his life, his youngest son, Michael steps in to take care of the would-be killers, launching a campaign of bloody revenge.",8.7,1972,"Drama, Crime"
I Want Your Sex,"When a naive young man becomes the sexual muse for a renowned and provocative artist, his dream job quickly turns dangerous as he is drawn into an obsessive world of power, betrayal, and murder.",6.2,2026,Comedy
The Death of Robin Hood,"Grappling with his past after a life of crime and murder, Robin Hood finds himself gravely injured after a battle he thought would be his last. In the hands of a mysterious woman, he is offered a chance at salvation.",6.2,2026,"Adventure, Drama, Action"
The Super Mario Galaxy Movie,"Having thwarted Bowser's previous plot to marry Princess Peach, Mario and Luigi now face a fresh threat in Bowser Jr., who is determined to liberate his father from captivity and restore the family legacy. Alongside companions new and old, the brothers travel across the stars to stop the young heir's crusade.",8.2,2026,"Family, Comedy, Adventure, Fantasy, Animation"
Scary Movie,"Twenty-six years after outrunning a suspiciously familiar masked killer, the Core Four are back in the killer's crosshairs and no horror movie IP is safe.",6.4,2026,Comedy
The Dark Knight,"Batman raises the stakes in his war on crime. With the help of Lt. Jim Gordon and District Attorney Harvey Dent, Batman sets out to dismantle the remaining criminal organizations that plague the streets. The partnership proves to be effective, but they soon find themselves prey to a reign of chaos unleashed by a rising criminal mastermind known to the terrified citizens of Gotham as the Joker.",8.5,2008,"Action, Thriller, Crime"
Lucky Strike,"A wounded American soldier fights to survive behind enemy lines during WWII's Battle of the Bulge against the Germans, relying on his instinct, spy craft and a hand-radio to evade capture and find his way back to his unit.",6.9,2026,"Action, War"
The Wild Robot,"After a shipwreck, an intelligent robot called Roz is stranded on an uninhabited island. To survive the harsh environment, Roz bonds with the island's animals and cares for an orphaned baby goose.",8.3,2024,"Family, Animation, Sci-Fi, Adventure"
Hibla 2,"Two VMX queens, Aliya Raymundo and Margaret Diaz, play reunited childhood friends who share a memorable past and a complicated present: one is a liberated city girl, the other a sheltered country virgin, and both are surrounded by men eager to get a taste of their youth.",3.0,2026,Drama
Captain America: Brave New World,"After meeting with newly elected U.S. President Thaddeus Ross, Sam finds himself in the middle of an international incident. He must discover the reason behind a nefarious global plot before the true mastermind has the entire world seeing red.",6.0,2025,"Action, Thriller, Sci-Fi"
Inception,"Cobb, a skilled thief who commits corporate espionage by infiltrating the subconscious of his targets is offered a chance to regain his old life as payment for a task considered to be impossible: ""inception"", the implantation of another person's idea into a target's subconscious.",8.4,2010,"Action, Sci-Fi, Adventure"
Harry Potter and the Philosopher's Stone,"Harry Potter has lived under the stairs at his aunt and uncle's house his whole life. But on his 11th birthday, he learns he's a powerful wizard—with a place waiting for him at the Hogwarts School of Witchcraft and Wizardry. As he learns to harness his newfound powers with the help of the school's kindly headmaster, Harry uncovers the truth about his parents' deaths—and about the villain who's to blame.",7.9,2001,"Adventure, Fantasy"
Evil Dead Burn,"After her husband's abrupt death, Alice seeks solace with his remaining family — descendants of a leading researcher on demonic possession. As her in-laws transform one by one into creatures that feed on fear, she comes to discover that the vows she took in life survive even in death.",7.7,2026,Horror
One Night Only,Two love-starved strangers crash into each other on the one night of the year when single people are allowed to have sex.,6.5,2026,"Romance, Comedy"
Spider-Man: Into the Spider-Verse,"Struggling to find his place in the world while juggling school and family, Brooklyn teenager Miles Morales is unexpectedly bitten by a radioactive spider and develops unfathomable powers just like the one and only Spider-Man. While wrestling with the implications of his new abilities, Miles discovers a super collider created by the madman Wilson ""Kingpin"" Fisk, causing others from across the Spider-Verse to be inadvertently transported to his dimension.",8.4,2018,"Animation, Action, Adventure, Sci-Fi"
Masters of the Universe,"After being separated for 15 years, the Sword of Power leads Prince Adam back to Eternia, where he discovers his home shattered under the fiendish rule of Skeletor. To save his family and his world, Adam must join forces with his closest allies, Teela and Duncan/Man-At-Arms, and embrace his true destiny as He-Man — the most powerful man in the universe.",7.1,2026,"Action, Fantasy, Sci-Fi"
Michael,"The story of Michael Jackson, one of the most influential artists the world has ever known, and his life beyond the music. His journey from the discovery of his extraordinary talent as the lead of the Jackson Five, to the visionary artist whose creative ambition fueled a relentless pursuit to become the biggest entertainer in the world, highlighting both his life off-stage and some of the most iconic performances from his early solo career.",8.6,2026,"Music, Drama"
Deadpool & Wolverine,"A listless Wade Wilson toils away in civilian life with his days as the morally flexible mercenary, Deadpool, behind him. But when his homeworld faces an existential threat, Wade must reluctantly suit-up again with an even more reluctant Wolverine.",7.6,2024,"Action, Comedy, Sci-Fi"
Oppenheimer,The story of J. Robert Oppenheimer's role in the development of the atomic bomb during World War II.,8.0,2023,"Drama, History"
Spider-Man: Homecoming,"Following the events of Captain America: Civil War, Peter Parker, with the help of his mentor Tony Stark, tries to balance his life as an ordinary high school student in Queens, New York City, with fighting crime as his superhero alter ego Spider-Man as a new threat, the Vulture, emerges.",7.3,2017,"Action, Adventure, Sci-Fi"
Deathwoods,"A weekend of camping intended to break Scott out of his post breakup depression, quickly turns  into a weekend of bloodshed, as his friends are picked off one by one by the urban legend that haunts the  woods surrounding the small town of Old Hickory, Tennessee.",6.3,2026,"Horror, Comedy"
The Rivals of Amziah King,"Deep within the backwoods of rural Oklahoma, charismatic and musically gifted Amziah King herds a bluegrass-playing band of misfits while overseeing the premier honey-making operation in town. When Amziah’s estranged foster daughter unexpectedly returns, Amziah leaps at the possibility to renew connection and create a family business. But the honey game is ruthless, and Amziah’s rivals threaten to destroy everything he has built.",6.8,2026,"Crime, Drama, Thriller"
Shelter,"A man living in self-imposed exile on a remote island rescues a young girl from a violent storm, setting off a chain of events that forces him out of seclusion to protect her from enemies tied to his past.",7.8,2026,"Action, Crime, Thriller"
The Matrix,"Set in the 22nd century, The Matrix tells the story of a computer hacker who joins a group of underground insurgents fighting the vast and powerful computers who now rule the earth.",8.3,1999,"Action, Sci-Fi"
Spider-Man: Across the Spider-Verse,"After reuniting with Gwen Stacy, Brooklyn’s full-time, friendly neighborhood Spider-Man is catapulted across the Multiverse, where he encounters the Spider Society, a team of Spider-People charged with protecting the Multiverse's very existence. But when the heroes clash on how to handle a new threat, Miles finds himself pitted against the other Spiders and must set out on his own to save those he loves most.",8.3,2023,"Animation, Action, Adventure, Sci-Fi"
Hoppers,"Scientists have discovered how to 'hop' human consciousness into lifelike robotic animals, allowing people to communicate with animals as animals. Animal lover Mabel seizes an opportunity to use the technology, uncovering mysteries within the animal world beyond anything she could have imagined.",8.2,2026,"Adventure, Animation, Comedy, Family, Sci-Fi"
The Devil Wears Prada 2,"Andy Sachs returns to Runway as Miranda Priestly navigates a new media landscape and Runway's position within. The duo reconnect with former assistant Emily Charlton, now the head of a luxury brand that possesses funding which could ensure Runway's survival.",7.0,2026,"Comedy, Drama"
Blood Covenant,"A horror writer, drowning in debt and on the verge of collapse, desperately performs a ritual to summon a demon who promises to deliver the stories he can no longer write. The pact works, but at a terrible price.",5.5,2026,Horror
Your Heart Will Be Broken,"High school student Polina is saved from bullying at her new school and makes a deal with the main bully Bars: he must pretend to be her boyfriend and protect her, and she must do everything he says. During this game, the couple develops real feelings, but her family and classmates have reasons to separate the lovers.",7.1,2026,Romance
Snow White,"Following the benevolent King's disappearance, the Evil Queen dominated the once fair land with a cruel streak. Princess Snow White flees the castle when the Queen, in her jealousy over Snow White's inner beauty, tries to kill her. Deep into the dark woods, she stumbles upon seven magical dwarves and a young bandit named Jonathan. Together, they strive to survive the Queen's relentless pursuit and aspire to take back the kingdom.",4.3,2025,"Family, Fantasy"
Spider-Man,"After being bitten by a genetically altered spider at Oscorp, nerdy but endearing high school student Peter Parker is endowed with amazing powers to become the superhero known as Spider-Man.",7.4,2002,"Action, Sci-Fi"
Dune: Part Two,"Follow the mythic journey of Paul Atreides as he unites with Chani and the Fremen while on a path of revenge against the conspirators who destroyed his family. Facing a choice between the love of his life and the fate of the known universe, Paul endeavors to prevent a terrible future only he can foresee.",8.1,2024,"Sci-Fi, Adventure"
Kraken,"A marine biologist is doing research on a fish farm when she encounters several strange occurrences. Along with the brutal deaths of two teenagers, all signs point to the deep fjord; can there be more to the depths than the eye can see?",6.3,2026,"Horror, Action, Thriller"
Pulp Fiction,"A burger-loving hit man, his philosophical partner, a drug-addled gangster's moll and a washed-up boxer converge in this sprawling, comedic crime caper. Their adventures unfurl in three stories that ingeniously trip back and forth in time.",8.5,1994,"Thriller, Crime, Comedy"
Parasite,"All unemployed, Ki-taek's family takes peculiar interest in the wealthy and glamorous Parks for their livelihood until they get entangled in an unexpected incident.",8.5,2019,"Comedy, Thriller, Drama"
Spirited Away,"A young girl, Chihiro, becomes trapped in a strange new world of spirits. When her parents undergo a mysterious transformation, she must call upon the courage she never knew she had to free her family.",8.5,2001,"Animation, Family, Fantasy"
Call My Agent! The Movie,"Five years after ASK Agency closed, debut director Andréa loses her lead actor just days before filming and reunited with her old team — for better or worse.",6.5,2026,"Comedy, Drama"
"Monsters, Inc.","Lovable Sulley and his wisecracking sidekick Mike Wazowski are the top scare team at Monsters, Inc., the scream-processing factory in Monstropolis. When a little girl named Boo wanders into their world, it's the monsters who are scared silly, and it's up to Sulley and Mike to keep her out of sight and get her back home.",7.9,2001,"Animation, Comedy, Family, Fantasy"
Swapped,"A small woodland creature and a majestic bird, two natural sworn enemies of the Valley, magically trade places and set off on an adventure of a lifetime to switch back. Their journey soon uncovers a greater threat—one that could endanger not only their species, but the entire valley they call home.",8.9,2026,"Adventure, Animation, Family, Fantasy"
Why Did I Get Married Again?,"The couples reunite for the destination wedding of Marcus and Angela's daughter, bringing drama old and new as they ask, ""Why did we get married again?""",7.1,2026,"Comedy, Romance, Drama"
The Lion King,"Young lion prince Simba, eager to one day become king of the Pride Lands, grows up under the watchful eye of his father Mufasa; all the while his villainous uncle Scar conspires to take the throne for himself. Amid betrayal and tragedy, Simba must confront his past and find his rightful place in the Circle of Life.",8.3,1994,"Animation, Family, Drama"
Coco,"Despite his family’s baffling generations-old ban on music, Miguel dreams of becoming an accomplished musician like his idol, Ernesto de la Cruz. Desperate to prove his talent, Miguel finds himself in the stunning and colorful Land of the Dead following a mysterious chain of events. Along the way, he meets charming trickster Hector, and together, they set off on an extraordinary journey to unlock the real story behind Miguel's family history.",8.2,2017,"Family, Animation, Music, Adventure"
Forrest Gump,"A man with a low IQ has accomplished great things in his life and been present during significant historic events—in each case, far exceeding what anyone imagined he could do. But despite all he has achieved, his one true love eludes him.",8.5,1994,"Comedy, Drama, Romance"
Coraline,"Wandering her rambling old house in her boring new town, 11-year-old Coraline discovers a hidden door to a strangely idealized version of her life. In order to stay in the fantasy, she must make a frighteningly real sacrifice.",7.9,2009,"Animation, Family, Fantasy, Horror"
Big Hero 6,"A special bond develops between plus-sized inflatable robot Baymax, and prodigy Hiro Hamada, who team up with a group of friends to form a band of high-tech heroes.",7.7,2014,"Adventure, Family, Animation, Action, Comedy"
Back to the Future,"Eighties teenager Marty McFly is accidentally sent back in time to 1955, inadvertently disrupting his parents' first meeting and attracting his mother's romantic interest. Marty must repair the damage to history by rekindling his parents' romance and - with the help of his eccentric inventor friend Doc Brown - return to 1985.",8.3,1985,"Adventure, Comedy, Sci-Fi"
Toy Story,"Led by Woody, Andy's toys live happily in his room until Andy's birthday brings Buzz Lightyear onto the scene. Afraid of losing his place in Andy's heart, Woody plots against Buzz. But when circumstances separate Buzz and Woody from their owner, the duo eventually learns to put aside their differences.",8.0,1995,"Family, Comedy, Animation, Adventure"
Inside Out,"When 11-year-old Riley moves to a new city, her Emotions team up to help her through the transition. Joy, Fear, Anger, Disgust and Sadness work together, but when Joy and Sadness get lost, they must journey through unfamiliar places to get back home.",7.9,2015,"Animation, Family, Adventure, Drama, Comedy"
KPop Demon Hunters,"When K-pop superstars Rumi, Mira and Zoey aren't selling out stadiums, they're using their secret powers to protect their fans from supernatural threats.",8.0,2025,"Fantasy, Music, Comedy, Animation"
GOAT,"A small goat with big dreams gets a once-in-a-lifetime shot to join the pros and play roarball, a high-intensity, co-ed, full-contact sport dominated by the fastest, fiercest animals in the world.",8.1,2026,"Animation, Comedy, Family"
You Drive Me Crazy,"Alisa moves into a spacious apartment in St. Petersburg, where the mirror starts to malfunction, showing the young lodger a parallel reality of the same apartment. Only it is not Alisa who lives in this parallel reality, but the party animal Ivan. Will the young people be able to recognize true love and will they be able to unite their worlds in order to meet in reality and simply touch each other?",7.4,2025,"Comedy, Romance, Fantasy"
Moana 2,"After receiving an unexpected call from her wayfinding ancestors, Moana journeys alongside Maui and a new crew to the far seas of Oceania and into dangerous, long-lost waters for an adventure unlike anything she's ever faced.",7.0,2024,"Adventure, Animation, Comedy, Family, Fantasy"
Lilo & Stitch,The wildly funny and touching story of a lonely Hawaiian girl and the fugitive alien who helps to mend her broken family.,7.2,2025,"Family, Sci-Fi, Comedy"
LEGO Star Wars: The Mandalorian,"The Mandalorian and Grogu join their misfit allies for an epic party, celebrating their heroism. As friends regale the crowd with tales of their adventures, a pirate threat looms.",6.8,2026,"Animation, Sci-Fi, Adventure, Family, Action"
A Minecraft Movie,"Four misfits find themselves struggling with ordinary problems when they are suddenly pulled through a mysterious portal into the Overworld: a bizarre, cubic wonderland that thrives on imagination. To get back home, they'll have to master this world while embarking on a magical quest with an unexpected, expert crafter, Steve.",6.2,2025,"Family, Fantasy, Comedy, Adventure"
How to Train Your Dragon,"On the rugged isle of Berk, where Vikings and dragons have been bitter enemies for generations, Hiccup stands apart, defying centuries of tradition when he befriends Toothless, a feared Night Fury dragon. Their unlikely bond reveals the true nature of dragons, challenging the very foundations of Viking society.",7.9,2025,"Fantasy, Family, Action, Adventure"
Inside Out 2,"Teenager Riley's mind headquarters is undergoing a sudden demolition to make room for something entirely unexpected: new Emotions! Joy, Sadness, Anger, Fear and Disgust, who’ve long been running a successful operation by all accounts, aren’t sure how to feel when Anxiety shows up. And it looks like she’s not alone.",7.5,2024,"Animation, Adventure, Comedy, Family"
Finding Nemo,"Nemo, an adventurous young clownfish, is unexpectedly taken from his Great Barrier Reef home to a dentist's office aquarium. It's up to his worrisome father Marlin and a friendly but forgetful fish Dory to bring Nemo home -- meeting vegetarian sharks, surfer dude turtles, hypnotic jellyfish, hungry seagulls, and more along the way.",7.8,2003,"Animation, Family, Adventure"
The Drama,A happily engaged couple is put to the test when an unexpected turn sends their wedding week off the rails.,6.9,2026,"Romance, Comedy, Drama"
Shrek,"It ain't easy bein' green -- especially if you're a likable (albeit smelly) ogre named Shrek. On a mission to retrieve a gorgeous princess from the clutches of a fire-breathing dragon, Shrek teams up with an unlikely compatriot -- a wisecracking donkey.",7.8,2001,"Animation, Comedy, Fantasy, Adventure, Family"
The Super Mario Bros. Movie,"While working underground to fix a water main, Brooklyn plumbers—and brothers—Mario and Luigi are transported down a mysterious pipe and wander into a magical new world. But when the brothers are separated, Mario embarks on an epic quest to find Luigi.",7.6,2023,"Family, Comedy, Adventure, Fantasy, Animation"
Tony,"A 19-year-old Anthony Bourdain travels to Provincetown and stumbles into the chaotic world of a restaurant kitchen, setting off a summer that will shape the course of his life.",7.6,2026,"Drama, Comedy"
The Wolf of Wall Street,"A New York stockbroker refuses to cooperate in a large securities fraud case involving corruption on Wall Street, corporate banking world and mob infiltration. Based on Jordan Belfort's autobiography.",8.0,2013,"Crime, Drama, Comedy"
Accidental Partners,Two women discover they were both scammed by the same man (who also got them pregnant). They form an alliance to take revenge.,8.8,2026,"Comedy, Romance"
Young Hearts,"14-year-old Elias increasingly feels like an outsider in his village. When he meets his new neighbour of the same age, Alexander, Elias is confronted with his burgeoning sexuality.",8.6,2024,"Drama, Romance"
The Godfather Part II,"In the continuing saga of the Corleone crime family, a young Vito Corleone grows up in Sicily and in 1910s New York. In the 1950s, Michael Corleone attempts to expand the family business into Las Vegas, Hollywood and Cuba.",8.6,1974,"Drama, Crime"
12 Angry Men,"The defense and the prosecution have rested and the jury is filing into the jury room to decide if a young Spanish-American is guilty or innocent of murdering his father. What begins as an open and shut case soon becomes a mini-drama of each of the jurors' prejudices and preconceptions about the trial, the accused, and each other.",8.6,1957,Drama
Schindler's List,The true story of how businessman Oskar Schindler saved over a thousand Jewish lives from the Nazis while they worked as slaves in his factory during World War II.,8.6,1993,"Drama, History, War"
Chainsaw Man - The Movie: Reze Arc,"In a brutal war between devils, hunters, and secret enemies, a mysterious girl named Reze has stepped into Denji's world, and he faces his deadliest battle yet, fueled by love in a world where survival knows no rules.",8.5,2025,"Animation, Action, Romance, Fantasy"
The Green Mile,"A supernatural tale set on death row in a Southern prison, where gentle giant John Coffey possesses the mysterious power to heal people's ailments. When the cell block's head guard, Paul Edgecomb, recognizes Coffey's miraculous gift, he tries desperately to help stave off the condemned man's execution.",8.5,1999,"Fantasy, Drama, Crime"
The Lord of the Rings: The Return of the King,"As armies mass for a final battle that will decide the fate of the world--and powerful, ancient forces of Light and Dark compete to determine the outcome--one member of the Fellowship of the Ring is revealed as the noble heir to the throne of the Kings of Men. Yet, the sole hope for triumph over evil lies with a brave hobbit, Frodo, who, accompanied by his loyal friend Sam and the hideous, wretched Gollum, ventures deep into the very dark heart of Mordor on his seemingly impossible quest to destroy the Ring of Power.​",8.5,2003,"Adventure, Fantasy, Action"
Dilwale Dulhania Le Jayenge,"Raj is a rich, carefree, happy-go-lucky second generation NRI. Simran is the daughter of Chaudhary Baldev Singh, who in spite of being an NRI is very strict about adherence to Indian values. Simran has left for India to be married to her childhood fiancé. Raj leaves for India with a mission at his hands, to claim his lady love under the noses of her whole family. Thus begins a saga.",8.5,1995,"Comedy, Drama, Romance"
Your Name.,"High schoolers Mitsuha and Taki are complete strangers living separate lives. But one night, they suddenly switch places. Mitsuha wakes up in Taki’s body, and he in hers. This bizarre occurrence continues to happen randomly, and the two must adjust their lives around each other.",8.5,2016,"Animation, Romance, Drama"
"The Good, the Bad and the Ugly","While the Civil War rages on between the Union and the Confederacy, three men – a quiet loner, a ruthless hitman, and a Mexican bandit – comb the American Southwest in search of a strongbox containing $200,000 in stolen gold.",8.5,1966,Western
Harakiri,"Down-on-his-luck veteran Tsugumo Hanshirō enters the courtyard of the prosperous House of Iyi. Unemployed, and with no family, he hopes to find a place to commit seppuku—and a worthy second to deliver the coup de grâce in his suicide ritual. The senior counselor for the Iyi clan questions the ronin’s resolve and integrity, suspecting Hanshirō of seeking charity rather than an honorable end. What follows is a pair of interlocking stories which lay bare the difference between honor and respect, and promises to examine the legendary foundations of the Samurai code.",8.5,1962,"Action, Drama, History"
Seven Samurai,"A samurai answers a village's request for protection after he falls on hard times. The town needs protection from bandits, so the samurai gathers six others to help him teach the people how to defend themselves, and the villagers provide the soldiers with food.",8.5,1954,"Action, Drama"
GoodFellas,"The true story of Henry Hill, a half-Irish, half-Sicilian Brooklyn kid who is adopted by neighbourhood gangsters at an early age and climbs the ranks of a Mafia family under the guidance of Jimmy Conway.",8.5,1990,"Drama, Crime"
Grave of the Fireflies,"In the final months of World War II, 14-year-old Seita and his sister Setsuko are orphaned when their mother is killed during an air raid in Kobe, Japan. After a falling out with their aunt, they move into an abandoned bomb shelter. With no surviving relatives and their emergency rations depleted, Seita and Setsuko struggle to survive.",8.4,1988,"Animation, Drama, War"
¿Quieres ser mi hijo?,"Lu, a conformist woman in her forties, learns that her 15-year partner has been having extramarital affairs. Starting from scratch, she gets involved in an unexpected relationship with a young womanizer.",8.5,2023,"Comedy, Romance"
The Lord of the Rings: The Fellowship of the Ring,"Young hobbit Frodo Baggins, after inheriting a mysterious ring from his uncle Bilbo, must leave his home in order to keep it from falling into the hands of its evil creator. Along the way, a fellowship is formed to protect the ringbearer and make sure that the ring arrives at its final destination: Mt. Doom, the only place where it can be destroyed.",8.4,2001,"Adventure, Fantasy, Action"
Fight Club,"A ticking-time-bomb insomniac and a slippery soap salesman channel primal male aggression into a shocking new form of therapy. Their concept catches on, with underground ""fight clubs"" forming in every town, until an eccentric gets in the way and ignites an out-of-control spiral toward oblivion.",8.4,1999,"Drama, Thriller"
Life Is Beautiful,A touching story of an Italian book seller of Jewish ancestry who lives in his own little fairy tale. His creative and happy life would come to an abrupt halt when his entire family is deported to a concentration camp during World War II. While locked up he tries to convince his son that the whole thing is just a game.,8.4,1997,"Comedy, Drama"
Cinema Paradiso,"A filmmaker recalls his childhood, when he fell in love with the movies at his village's theater and formed a deep friendship with the theater's projectionist.",8.4,1988,"Drama, Romance"
The Lord of the Rings: The Two Towers,"Frodo Baggins and the other members of the Fellowship continue on their sacred quest to destroy the One Ring--but on separate paths. Their destinies lie at two towers--Orthanc Tower in Isengard, where the corrupt wizard Saruman awaits, and Sauron's fortress at Barad-dur, deep within the dark lands of Mordor.",8.4,2002,"Adventure, Fantasy, Action"
City of God,"In the poverty-stricken favelas of Rio de Janeiro in the 1970s, two young men choose different paths. Rocket is a budding photographer who documents the increasing drug-related violence of his neighborhood, while José “Zé” Pequeno is an ambitious drug dealer diving into a dangerous life of crime.",8.4,2002,"Drama, Crime"
Impossible Things,"After the death of her abusive husband, Matilde finds her new best friend in Miguel, her young, insecure, and disoriented neighbor.",8.4,2021,"Family, Drama"
Remarkably Bright Creatures,"Through unlikely bonds formed during night shifts at a local aquarium, Tova, an elderly widow, learns of a life-changing discovery that may bring her joy and wonder once again.",8.4,2026,"Drama, Mystery"
A Dog's Will,"The lively João Grilo and the sly Chicó are poor guys living in the hinterland who cheat a bunch of people in a small town in Northeastern Brazil. When they die, they have to be judged by Christ, the Devil and the Virgin Mary before they are admitted to paradise.",8.4,2000,"Comedy, Drama, Fantasy, Romance"
